Algebraic Expressions,AEX
Algebraic Expressions and Identities,AEI
Area of Triangles and Parallelograms,ATP
Area related to Circle,ARC
Arithmetic Progressions,APR
Basic Geometrical Ideas,BGI
Circle,CIR
Comparing Quantities,COM
Congruence of Triangle,COT
Construction,CTR
Coordinate geometry ,CGE
Cubes and Cube Roots,CCR
Data Handling,DHA
Decimals,DEC
Direct and Inverse Proportions,DIP
Euclid's Geometry,EGE
Exponents and Powers,EAP
Factorisation,FAC
Fractions,FRA
Fractions and Decimals,FAD
Heron's Formula,HFO
Integers,INT
Introduction to Algebra,ITA
Introduction to Graphs,ITG
Introduction to Trigonometry,ITT
Knowing the Numbers,KTM
Linear Equations in One Variable,LEO
Linear Equations in Two Variables,LET
Lines and Angles,LAA
Mensuration ,MEN
Number System,NSY
Pair of Linear Equation in Two Variables,PLE
Perimeter and Area,PAA
Playing with Numbers,PWN
Polynomials,POL
Practical Geometry,PGE
Probability,PBT
Quadratic Equation,QEQ
Quadrilaterals,QUA
Ratio and Proportion,RAP
Rational Numbers,RNU
Real Numbers,RNB
Similarity of Triangles,SIM
Simple Equations,SEQ
Squares and Square Roots,SSR
Statistics,STA
Surface Area and Volume,SAV
Symmetry,SYM
Triangle ,TRI
Understanding Elementary Shapes,UES
Understanding Quadrilateral,UQU
Visualising Solid Shapes,VSS
Whole Numbers,WHN
